{"stat.craftItem.minecraft.leather_leggings":4,"stat.pickup.minecraft.bone":64,"stat.leaveGame":33,"stat.useItem.minecraft.bookshelf":17,"stat.drop.minecraft.leather_helmet":9,"stat.useItem.minecraft.skull":2,"stat.drop.minecraft.skull":1,"stat.swimOneCm":70,"stat.climbOneCm":1543,"stat.useItem.minecraft.golden_shovel":1,"stat.useItem.minecraft.coal_block":8,"stat.useItem.minecraft.dirt":116,"stat.useItem.minecraft.stone_slab2":9628,"achievement.exploreAllBiomes":{"value":0,"progress":["Plains"]},"stat.useItem.minecraft.water_bucket":12,"stat.pickup.minecraft.end_portal_frame":12,"stat.pickup.minecraft.cobblestone":15,"stat.flyOneCm":29391489,"stat.pickup.minecraft.brown_mushroom":64,"stat.drop.minecraft.wheat_seeds":1,"stat.pickup.minecraft.cactus":64,"stat.timeSinceDeath":380483,"stat.hopperInspected":1,"stat.useItem.minecraft.sign":6,"stat.cauldronFilled":5,"stat.useItem.minecraft.wooden_slab":1,"stat.useItem.minecraft.lever":122,"stat.pickup.minecraft.carpet":3,"stat.pickup.minecraft.diamond_shovel":1,"stat.pickup.minecraft.snow_layer":1,"achievement.mineWood":1,"stat.pickup.minecraft.leather_helmet":6,"stat.sprintOneCm":309529,"stat.pickup.minecraft.skull":2,"achievement.openInventory":548,"stat.useItem.minecraft.flint_and_steel":5,"stat.pickup.minecraft.lever":19,"stat.deaths":2,"stat.drop":12,"stat.playOneMinute":1562973,"stat.craftItem.minecraft.leather_chestplate":6,"stat.useItem.minecraft.wooden_sword":1,"stat.pickup.minecraft.stone_button":4,"stat.useItem.minecraft.ladder":31,"stat.chestOpened":8,"stat.pickup.minecraft.sign":1,"stat.useItem.minecraft.stone":104,"stat.useItem.minecraft.sponge":11,"stat.pickup.minecraft.obsidian":64,"stat.useItem.minecraft.carpet":1,"stat.useItem.minecraft.potion":2,"stat.pickup.minecraft.diamond_sword":1,"stat.jump":1983,"stat.pickup.minecraft.coal":43,"stat.pickup.minecraft.iron_ingot":64,"stat.crouchOneCm":67518,"stat.pickup.minecraft.rail":1,"stat.useItem.minecraft.nether_brick_fence":1,"stat.pickup.minecraft.dirt":189,"stat.pickup.minecraft.red_mushroom":64,"stat.craftingTableInteraction":10,"stat.useItem.minecraft.furnace":4,"stat.pickup.minecraft.ender_eye":12,"stat.pickup.minecraft.dye":181,"stat.pickup.minecraft.reeds":64,"stat.pickup.minecraft.bed":1,"stat.pickup.minecraft.wheat_seeds":16,"stat.pickup.minecraft.diamond_axe":1,"stat.damageDealt":40,"stat.useItem.minecraft.crafting_table":3,"stat.pickup.minecraft.flint_and_steel":1,"stat.walkOneCm":561350,"stat.useItem.minecraft.torch":2,"stat.useItem.minecraft.chest":6,"stat.pickup.minecraft.diamond_pickaxe":1,"stat.pickup.minecraft.crafting_table":1,"stat.craftItem.minecraft.leather_boots":1,"stat.pickup.minecraft.log":64,"stat.useItem.minecraft.item_frame":4,"stat.drop.minecraft.leather_chestplate":1,"stat.useItem.minecraft.stained_hardened_clay":2,"stat.pickup.minecraft.sapling":195,"stat.useItem.minecraft.leaves":51,"stat.useItem.minecraft.tallgrass":2,"stat.pickup.minecraft.ladder":28,"stat.pickup.minecraft.water_bucket":2,"stat.useItem.minecraft.cobblestone_wall":14,"stat.pickup.minecraft.torch":65,"stat.sneakTime":71238,"stat.pickup.minecraft.stone_slab":30,"stat.armorCleaned":1}