{"stat.craftItem.minecraft.leather_leggings":8,"stat.chestOpened":9,"stat.pickup.minecraft.lingering_potion":1,"stat.pickup.minecraft.bone":2,"stat.pickup.minecraft.redstone_torch":1,"stat.leaveGame":12,"stat.drop.minecraft.leather_helmet":1,"stat.killEntity.Ozelot":1,"stat.useItem.minecraft.lead":7,"stat.useItem.minecraft.diamond_sword":3,"stat.jump":2776,"stat.killEntity.SkeletonHorse":1,"stat.swimOneCm":4593,"stat.drop.minecraft.skull":5,"stat.climbOneCm":7551,"stat.drop.minecraft.stone":1,"stat.useItem.minecraft.fire_charge":1,"stat.crouchOneCm":77970,"stat.useItem.minecraft.stone_slab2":2222,"achievement.exploreAllBiomes":{"value":0,"progress":["Plains"]},"stat.useItem.minecraft.water_bucket":2,"stat.craftingTableInteraction":8,"stat.brewingstandInteraction":3,"stat.drop.minecraft.leather_boots":2,"stat.damageTaken":280,"stat.pickup.minecraft.dye":129,"stat.flyOneCm":6595319,"stat.pickup.minecraft.wheat_seeds":2,"stat.pickup.minecraft.lead":7,"stat.damageDealt":495,"stat.timeSinceDeath":77838,"stat.hopperInspected":1,"stat.useItem.minecraft.spawn_egg":29,"stat.cauldronFilled":1,"stat.pickup.minecraft.mutton":10,"stat.walkOneCm":441962,"stat.useItem.minecraft.lever":1,"stat.furnaceInteraction":1,"stat.craftItem.minecraft.leather_boots":11,"stat.drop.minecraft.stone_slab":1,"stat.craftItem.minecraft.leather_helmet":8,"stat.drop.minecraft.leather_chestplate":2,"stat.drop.minecraft.planks":1,"stat.pickup.minecraft.stone":1,"stat.pickup.minecraft.leather_helmet":2,"stat.sprintOneCm":308872,"stat.pickup.minecraft.ladder":50,"stat.pickup.minecraft.skull":4,"achievement.openInventory":373,"stat.useItem.minecraft.lingering_potion":1,"stat.mobKills":6,"stat.pickup.minecraft.lever":13,"stat.deaths":2,"stat.drop":15,"stat.drop.minecraft.leather_leggings":2,"stat.playOneMinute":496465,"stat.craftItem.minecraft.leather_chestplate":8,"stat.killEntity.Sheep":2,"stat.useItem.minecraft.ladder":22,"stat.sneakTime":40904,"stat.pickup.minecraft.wool":6,"stat.pickup.minecraft.stone_slab":2,"stat.diveOneCm":2683}